0,229.89,-751.78
1,265.37,-754.52
2,276.1,-745.6
3,292.67,-760.31
4,255.72,-735.55
5,366.42,-739.94
6,372.83,-655.39
7,1021.04,-612.92
8,243.84,-748.64
9,252.34,-731.6
10,365.51,-673.08
11,326.41,-675.05
12,343.76,-692.08
13,223.69,-728.59
14,447.86,-688.67
15,266.19,-746.43
16,294.14,-670.83
17,342.62,-680.49
18,325.48,-752.89
19,696.18,-715.29
20,267.71,-740.77
21,234.54,-719.72
22,266.37,-712.16
23,1458.96,-713.72
24,235.53,-755.25
25,351.46,-633.78
26,407.29,-709.32
27,235.95,-764.28
28,577.03,-741.87
29,245.83,-690.8
30,237.76,-723.39
31,273.65,-697.45
32,335.91,-647.02
33,736.82,-646.87
34,443.88,-681.96
35,1287.75,-649.03
36,188.57,-768.38
37,188.94,-782.93
38,188.64,-730.61
39,848.92,-712.23
40,509.77,-682.36
41,1321.11,-508.2
42,230.94,-753.57
43,249.95,-740.64
44,241.47,-758.09
45,234.12,-748.02
46,272.67,-714.18
47,236.74,-725.25
48,244.03,-689.37
49,402.51,-747.15
50,3049.33,-357.35
51,1467.26,-540.05
52,502.54,-644.51
53,276.34,-696.44
54,217.49,-755.41
55,243.09,-743.72
56,1284.15,-554.11
57,275.04,-742.64
58,2286.2,-549.39
59,294.29,-732.39
60,747.32,-783.22
61,329.26,-740.79
62,264.01,-709.88
63,279.53,-725.52
64,287.84,-739.34
65,642.02,-802.63
66,274.3,-685.63
67,264.61,-745.6
68,713.73,-728.23
69,913.73,-684.85
70,420.07,-655.35
71,266.41,-772.35
72,276.67,-742.75
73,4862.38,-430.0
74,271.48,-669.48
75,504.33,-581.25
76,240.31,-766.68
77,389.21,-768.86
78,244.12,-712.39
79,219.13,-738.23
80,368.35,-705.09
81,859.79,-651.35
82,228.41,-717.97
83,559.97,-730.53
84,413.42,-709.33
85,326.92,-713.43
86,546.39,-594.27
87,293.78,-659.32
88,231.52,-749.77
89,424.13,-738.99
90,1118.54,-611.19
91,239.46,-762.58
92,287.45,-682.52
93,259.34,-684.89
94,220.47,-746.13
95,910.81,-575.08
96,498.82,-742.75
97,502.42,-691.89
98,239.19,-692.78
99,392.49,-738.95
100,413.37,-749.28
101,744.14,-789.17
102,201.97,-737.93
103,332.86,-591.49
104,316.41,-716.46
105,251.55,-733.61
106,735.59,-620.47
107,1412.62,-662.7
108,423.33,-641.46
109,197.79,-763.39
110,255.9,-754.29
111,302.72,-749.03
112,233.21,-733.8
113,317.5,-717.53
114,599.77,-590.78
115,384.54,-559.29
116,249.26,-753.27
117,325.84,-694.32
118,471.82,-789.43
119,1016.24,-424.13
120,246.35,-720.21
121,238.41,-742.7
122,225.15,-747.43
123,316.22,-756.43
124,1151.98,-756.98
125,252.87,-710.15
126,338.37,-620.56
127,244.02,-718.4
128,377.18,-770.6
129,378.35,-632.4
130,327.47,-715.44
131,311.19,-727.75
132,353.82,-608.34
133,470.75,-794.18
134,314.68,-765.61
135,216.15,-764.54
136,402.97,-758.87
137,258.66,-707.12
138,746.56,-716.58
139,254.41,-674.69
140,1609.01,-788.82
141,265.99,-753.89
142,815.84,-746.7
143,441.35,-773.75
144,308.56,-632.39
145,1043.38,-902.36
146,226.77,-717.16
147,361.96,-704.93
148,2612.69,-634.46
149,507.48,-723.25
150,518.26,-745.2
151,270.54,-708.87
152,341.65,-767.06
153,255.43,-750.08
154,1368.65,-692.47
155,373.52,-754.71
156,245.81,-689.43
157,1769.05,-564.39
158,998.8,-752.4
159,277.67,-772.36
160,290.69,-739.94
161,257.63,-697.72
162,336.64,-776.69
163,295.22,-712.79
164,261.09,-741.07
165,630.0,-770.28
166,693.17,-746.94
167,292.29,-728.94
168,239.23,-755.7
169,341.96,-703.46
170,309.5,-742.87
171,292.39,-740.53
172,241.23,-754.46
173,253.33,-715.13
174,233.6,-689.0
175,329.67,-687.32
176,243.05,-739.4
177,288.95,-796.58
178,189.36,-748.04
179,283.53,-653.06
180,306.86,-722.9
181,334.81,-746.22
182,960.97,-534.72
183,342.74,-763.35
184,390.92,-690.58
185,372.17,-643.43
186,239.72,-743.97
187,1092.57,-634.12
188,203.53,-764.79
189,356.87,-631.95
190,293.95,-771.98
191,290.34,-731.37
192,252.12,-718.78
193,303.96,-725.72
194,252.54,-767.74
195,354.34,-758.63
196,377.05,-770.38
197,522.1,-772.92
198,1283.11,-663.35
199,228.55,-729.09
200,1503.87,-571.65
201,181.52,-746.93
202,343.05,-623.04
203,221.88,-760.08
204,248.02,-695.97
205,303.31,-751.37
206,752.47,-778.63
207,851.31,-817.04
208,369.07,-655.95
209,170.37,-768.06
210,196.59,-757.22
211,232.28,-758.85
212,701.64,-787.5
213,325.63,-745.24
214,255.5,-693.55
215,187.42,-730.85
216,262.75,-699.78
217,326.89,-733.13
218,202.32,-779.34
219,451.2,-738.36
220,210.52,-759.81
221,279.74,-733.28
222,1713.19,-564.75
223,268.29,-738.83
224,235.41,-724.46
225,212.46,-759.98
226,596.81,-579.72
227,330.54,-681.15
228,204.86,-725.87
229,234.94,-658.55
230,314.34,-719.27
231,623.61,-762.99
232,213.23,-717.65
233,753.79,-809.71
234,174.85,-771.63
235,277.48,-696.15
236,248.92,-736.59
237,965.9,-803.61
238,227.14,-727.63
239,747.01,-800.37
240,366.8,-764.93
241,216.51,-724.89
242,206.21,-718.37
243,270.68,-731.56
244,232.1,-744.58
245,242.38,-746.94
246,329.5,-739.07
247,354.07,-636.65
248,894.9,-806.79
249,43554.28,-406.96
250,628.45,-533.29
251,690.83,-836.56
252,263.14,-761.0
253,747.39,-755.57
254,224.96,-725.52
255,203.28,-777.99
256,254.28,-699.1
257,421.63,-740.41
258,255.9,-750.96
259,201.5,-745.91
260,279.23,-713.01
261,369.28,-746.0
262,227.47,-725.33
263,193.61,-745.91
264,253.41,-767.35
265,543.05,-759.76
266,359.06,-640.4
267,317.76,-751.07
268,409.08,-522.21
269,365.5,-668.34
270,211.72,-767.42
271,219.02,-726.58
272,230.84,-750.65
273,398.59,-649.39
274,176.62,-785.99
275,192.47,-764.64
276,384.99,-736.18
277,518.63,-720.11
278,1276.82,-794.58
279,513.04,-669.54
280,245.78,-705.21
281,647.11,-741.87
282,302.04,-740.4
283,401.65,-752.87
284,211.38,-754.14
285,183.14,-749.78
286,260.64,-762.86
287,410.19,-761.57
288,266.97,-622.77
289,211.53,-752.18
290,207.68,-733.04
291,463.14,-750.22
292,219.21,-750.56
293,820.54,-766.28
294,196.44,-751.34
295,202.16,-691.53
296,283.02,-728.25
297,339.33,-730.47
298,278.25,-731.32
299,213.5,-774.31
300,1159.0,-745.23
301,246.14,-744.46
302,281.62,-753.31
303,459.14,-597.65
304,199.89,-747.45
305,331.05,-756.14
306,533.31,-637.54
307,1445.28,-535.02
308,630.23,-666.18
309,221.87,-741.47
310,206.49,-752.78
311,179.39,-757.6
312,322.45,-755.45
313,400.14,-709.6
314,1043.19,-711.92
315,433.14,-744.89
316,670.79,-529.21
317,479.48,-780.76
318,314.36,-723.5
319,177.88,-758.68
320,258.46,-641.99
321,467.89,-771.55
322,437.22,-709.31
323,409.81,-721.18
324,219.55,-732.58
325,230.01,-702.24
326,191.17,-760.45
327,229.45,-744.29
328,258.31,-652.31
329,183.69,-717.11
330,302.24,-652.81
331,687.01,-631.94
332,315.65,-685.67
333,1117.89,-650.48
334,203.25,-739.89
335,594.13,-665.39
336,233.14,-669.19
337,792.78,-770.08
338,442.23,-577.99
339,345.83,-603.03
340,276.11,-676.44
341,209.75,-746.71
342,247.87,-751.07
343,250.7,-832.21
344,193.88,-747.38
345,411.24,-768.79
346,370.36,-727.31
347,344.05,-729.16
348,339.5,-674.65
349,281.75,-718.93
350,374.29,-736.77
351,431.09,-762.54
352,339.49,-736.98
353,175.15,-749.98
354,248.04,-735.51
355,233.84,-736.39
356,248.58,-736.23
357,1460.27,-699.55
358,301.46,-742.26
359,230.24,-761.04
360,226.12,-750.12
361,189.23,-723.38
362,602.41,-659.14
363,533.19,-722.42
364,354.54,-672.47
365,421.85,-738.08
366,331.57,-723.12
367,246.37,-726.09
368,190.03,-758.05
369,609.91,-747.08
370,208.62,-760.2
371,217.81,-737.21
372,763.63,-552.75
373,594.86,-729.35
374,198.78,-773.17
375,3771.04,-371.73
376,231.37,-721.58
377,303.94,-731.6
378,347.9,-722.28
379,1232.54,-644.56
380,897.38,-671.58
381,649.87,-735.29
382,176.68,-768.34
383,219.63,-722.45
384,236.01,-714.37
385,459.35,-777.16
386,277.61,-706.42
387,217.68,-723.88
388,335.67,-603.17
389,190.35,-758.53
390,307.72,-713.88
391,472.69,-725.51
392,300.13,-753.54
393,687.19,-747.54
394,519.58,-754.81
395,228.23,-728.99
396,567.1,-774.52
397,198.21,-746.85
398,314.13,-736.3
399,853.2,-819.63
400,225.28,-774.73
401,2946.79,-746.46
402,209.46,-721.89
403,429.95,-704.65
404,331.31,-770.12
405,700.78,-763.65
406,191.23,-733.87
407,3753.05,-451.14
408,361.74,-760.17
409,211.63,-727.03
410,831.36,-541.4
411,619.19,-762.36
412,1644.9,-564.39
413,551.38,-759.67
414,256.78,-757.94
415,275.63,-761.74
416,174.04,-779.92
417,349.1,-636.49
418,209.37,-729.31
419,413.78,-736.73
420,532.83,-642.38
421,1039.07,-729.79
422,248.57,-732.36
423,184.34,-741.13
424,256.66,-693.98
425,210.35,-707.03
426,267.67,-758.68
427,235.18,-741.37
428,277.8,-764.75
429,206.41,-761.74
430,275.72,-700.19
431,1422.45,-647.84
432,271.23,-718.78
433,531.34,-757.48
434,177.95,-740.09
435,233.58,-738.5
436,1278.17,-676.18
437,821.51,-612.99
438,827.53,-746.26
439,2035.65,-587.33
440,192.11,-763.9
441,338.38,-672.06
442,459.78,-617.99
443,392.01,-736.75
444,795.79,-697.7
445,228.76,-727.1
446,812.91,-782.66
447,223.18,-755.48
448,212.51,-747.21
449,1043.98,-792.8
450,768.38,-707.34
451,191.6,-750.05
452,384.8,-766.18
453,364.71,-554.4
454,682.2,-769.79
455,332.14,-566.77
456,195.58,-757.17
457,358.35,-755.68
458,370.85,-692.81
459,199.84,-734.41
460,183.63,-746.93
461,238.34,-712.06
462,469.99,-795.94
463,914.92,-655.68
464,183.68,-763.78
465,310.31,-632.55
466,3627.99,-744.5
467,247.14,-672.31
468,458.15,-773.38
469,483.65,-711.64
470,818.71,-635.08
471,171.3,-768.59
472,486.64,-562.83
473,948.14,-751.32
474,344.16,-686.71
475,1318.75,-660.99
476,226.46,-682.91
477,230.82,-702.83
478,1346.17,-709.82
479,199.81,-721.74
480,406.28,-646.43
481,214.12,-690.12
482,729.38,-756.14
483,178.02,-742.94
484,497.71,-690.17
485,611.84,-725.8
486,790.41,-655.94
487,233.06,-739.57
488,162.63,-744.73
489,437.29,-763.43
490,220.9,-700.69
491,506.92,-720.18
492,514.4,-772.63
493,273.28,-709.08
494,459.93,-666.79
495,529.22,-792.89
496,707.5,-782.78
497,290.77,-732.41
498,393.96,-653.66
499,254.69,-717.33
500,165.28,-752.03
501,259.23,-747.95
502,225.71,-738.76
503,279.92,-731.08
504,1236.84,-570.04
505,437.41,-726.73
506,250.69,-727.25
507,279.26,-681.27
508,887.8,-802.07
509,219.8,-725.87
510,256.7,-739.33
511,369.49,-695.53
512,397.94,-718.19
513,169.13,-773.23
514,745.14,-716.5
515,182.75,-774.25
516,187.87,-759.22
517,242.04,-734.95
518,826.23,-672.35
519,295.98,-666.68
520,483.23,-730.97
521,816.8,-807.67
522,310.31,-664.7
523,269.12,-716.54
524,187.97,-749.2
525,197.11,-770.1
526,522.76,-722.74
527,290.22,-711.35
528,1041.07,-558.62
529,249.65,-747.97
530,283.15,-704.08
531,219.74,-725.83
532,284.23,-710.86
533,165.04,-775.22
534,245.61,-707.37
535,425.03,-667.96
536,858.18,-730.83
537,250.56,-716.67
538,309.75,-615.01
539,597.89,-789.52
540,1057.68,-805.0
541,242.29,-757.67
542,218.77,-747.89
543,233.04,-737.86
544,992.38,-562.18
545,246.77,-678.55
546,397.58,-657.02
547,250.95,-699.49
548,223.92,-722.13
549,204.35,-754.62
550,404.75,-752.38
551,184.33,-769.88
552,264.99,-673.28
553,177.16,-744.24
554,2474.03,-629.39
555,503.93,-726.12
556,1351.23,-606.56
557,230.24,-735.27
558,220.49,-708.06
559,904.26,-634.09
560,217.96,-760.65
561,1515.42,-667.79
562,651.17,-758.99
563,501.86,-655.39
564,225.5,-720.56
565,226.8,-762.79
566,190.88,-751.93
567,1413.84,-465.91
568,247.36,-710.91
569,206.44,-745.72
570,45145.68,2310.84
571,2873.34,-429.83
572,203.99,-717.96
573,244.22,-700.42
574,298.06,-661.65
575,215.88,-752.75
576,436.99,-682.99
577,826.66,-761.79
578,266.38,-704.67
579,1240.71,-614.53
580,292.11,-728.01
581,661.06,-796.07
582,677.64,-753.66
583,255.13,-710.55
584,309.2,-754.19
585,183.48,-773.76
586,270.34,-741.39
587,328.31,-720.05
588,180.94,-746.36
589,197.52,-750.07
590,323.09,-725.6
591,276.26,-683.11
592,402.95,-714.45
593,174.33,-737.98
594,221.02,-693.21
595,2493.89,-841.16
596,372.16,-789.82
597,207.56,-737.72
598,302.82,-746.96
599,238.91,-725.72
600,250.95,-694.61
601,295.94,-761.37
602,256.37,-729.85
603,645.4,-755.55
604,446.49,-673.64
605,614.39,-796.02
606,280.86,-749.6
607,251.85,-734.72
608,199.2,-727.9
609,163.96,-754.28
610,390.13,-771.35
611,168.07,-750.35
612,168.38,-754.55
613,1111.15,-803.74
614,344.63,-711.38
615,734.53,-731.07
616,724.94,-769.7
617,196.6,-731.16
618,269.92,-739.92
619,722.68,-755.55
620,225.1,-688.1
621,173.39,-736.71
622,489.51,-768.02
623,440.64,-655.49
624,781.21,-636.58
625,230.32,-753.65
626,200.16,-740.63
627,869.2,-748.71
628,228.7,-716.91
629,631.83,-769.08
630,296.4,-726.04
631,767.09,-652.83
632,455.74,-727.27
633,695.18,-782.6
634,184.27,-746.76
635,236.17,-747.52
636,239.18,-740.24
637,180.26,-756.58
638,836.23,-794.03
639,213.46,-676.05
640,657.45,-778.75
641,33556.69,148.43
642,175.66,-749.69
643,191.11,-737.08
644,188.19,-758.51
645,798.34,-727.72
646,196.4,-734.0
647,187.05,-737.31
648,1129.41,-703.0
649,1862.61,-781.61
650,490.46,-731.4
651,265.95,-698.02
652,256.23,-689.64
653,202.8,-749.57
654,211.11,-735.93
655,41882.35,-12.8
656,41097.43,334.63
657,170.2,-704.55
658,223.4,-745.49
659,198.89,-712.02
660,411.64,-714.08
661,335.49,-700.1
662,151.67,-769.72
663,1762.3,-419.22
664,622.65,-765.87
665,473.3,-708.85
666,338.51,-753.25
667,203.34,-741.23
668,1612.51,-791.51
669,45041.63,2172.63
670,1621.55,-773.93
671,1016.6,-776.77
672,730.07,-715.42
673,863.52,-798.93
674,292.84,-738.75
675,225.84,-688.74
676,226.01,-766.97
677,445.54,-763.3
678,178.2,-773.75
679,623.77,-810.15
680,743.29,-713.35
681,184.45,-745.98
682,176.57,-722.82
683,271.65,-721.42
684,1120.95,-712.98
685,4251.22,-358.0
686,271.96,-727.73
687,172.79,-743.25
688,1026.85,-594.73
689,231.39,-757.24
690,1015.76,-785.96
691,210.85,-747.05
692,1684.12,-800.02
693,303.12,-584.28
694,349.91,-682.39
695,2287.06,-796.37
696,269.06,-670.09
697,184.39,-723.52
698,195.41,-746.47
699,344.23,-768.47
700,3977.9,-720.6
701,224.96,-759.14
702,283.55,-618.63
703,796.1,-767.39
704,441.96,-651.91
705,225.01,-739.29
706,980.58,-791.2
707,186.63,-759.44
708,371.3,-636.98
709,219.97,-705.8
710,377.66,-677.76
711,535.4,-765.75
712,440.02,-801.3
713,185.85,-708.06
714,230.83,-726.37
715,553.71,-688.66
716,212.66,-740.58
717,251.55,-661.76
718,196.64,-740.19
719,185.81,-714.12
720,168.73,-758.09
721,380.69,-789.83
722,280.11,-641.04
723,390.18,-792.65
724,350.94,-764.28
725,2198.68,-538.75
726,1263.9,-798.88
727,210.64,-705.54
728,170.11,-737.66
729,350.67,-695.11
730,399.11,-549.67
731,582.36,-757.73
732,457.31,-777.22
733,2820.37,-823.79
734,308.26,-707.61
735,208.82,-752.22
736,1909.32,-831.84
737,43518.71,501.6
738,516.23,-746.04
739,4012.15,-734.23
740,3065.43,-477.24
741,218.57,-750.57
742,327.77,-555.69
743,956.37,-674.88
744,1497.24,-640.66
745,448.58,-617.37
746,832.84,-785.42
747,841.27,-530.95
748,870.9,-665.49
749,160.21,-756.92
750,216.15,-705.77
751,620.73,-474.33
752,394.19,-751.31
753,198.92,-719.32
754,185.03,-739.98
755,1477.29,-607.85
756,201.25,-705.79
757,344.3,-740.0
758,285.2,-728.69
759,172.93,-751.14
760,290.28,-635.5
761,2521.57,-721.91
762,1264.49,-713.83
763,2392.41,-801.6
764,1736.55,-700.9
765,209.85,-743.03
766,370.05,-609.97
767,296.49,-683.59
768,267.13,-706.73
769,215.37,-684.37
770,437.47,-761.4
771,2785.55,-555.12
772,326.04,-648.95
773,3569.53,-768.55
774,717.17,-520.26
775,2962.99,-473.94
776,729.23,-683.59
777,2799.12,-716.6
778,304.17,-698.86
779,1271.62,-705.19
780,1863.7,-694.0
781,340.64,-618.33
782,497.3,-566.35
783,325.72,-719.0
784,4429.84,-463.8
785,266.08,-729.37
786,871.13,-714.24
787,705.85,-775.16
788,2714.84,-713.08
789,547.67,-692.56
790,489.15,-737.39
791,225.86,-698.93
792,936.78,-735.5
793,1862.48,-846.58
794,649.59,-770.04
795,1323.84,-773.08
796,369.96,-615.53
797,390.04,-755.23
798,234.8,-687.79
799,217.24,-679.1
800,45150.94,1990.48
801,476.83,-799.49
802,1478.03,-453.03
803,1813.86,-696.08
804,211.8,-690.92
805,279.98,-735.74
806,321.41,-614.45
807,182.37,-732.95
808,210.71,-728.85
809,1811.15,-753.6
810,176.89,-734.97
811,4316.35,-490.57
812,164.29,-763.74
813,255.68,-743.55
814,250.72,-699.1
815,194.72,-680.62
816,667.12,-788.26
817,1682.53,-829.53
818,423.25,-706.06
819,45094.46,2412.28
820,250.57,-739.38
821,217.93,-749.63
822,838.26,-755.99
823,489.55,-756.38
824,172.87,-754.62
825,462.06,-701.8
826,700.07,-790.18
827,402.72,-664.42
828,1504.73,-636.56
829,1515.06,-803.12
830,527.04,-762.1
831,173.5,-700.48
832,378.27,-695.87
833,193.07,-739.68
834,1563.05,-515.93
835,1234.62,-789.07
836,186.22,-755.62
837,372.86,-638.11
838,498.16,-780.89
839,267.51,-680.79
840,387.05,-773.7
841,917.94,-770.39
842,41028.41,517.86
843,196.62,-742.92
844,45068.85,1976.56
845,266.82,-625.44
846,252.55,-689.51
847,45169.0,2251.86
848,332.53,-766.83
849,175.05,-722.11
850,249.34,-643.35
851,540.72,-609.06
852,144.36,-751.04
853,657.97,-707.71
854,272.5,-670.96
855,251.61,-740.7
856,687.64,-628.07
857,45059.85,2017.39
858,45047.78,1791.72
859,1340.45,-655.19
860,430.29,-746.39
861,172.88,-723.81
862,951.74,-811.0
863,207.17,-706.07
864,247.13,-738.27
865,1121.15,-663.89
866,225.58,-764.08
867,158.26,-745.95
868,45083.74,1752.68
869,1122.63,-763.71
870,454.74,-635.14
871,1167.64,-742.29
872,1327.02,-784.8
873,1053.22,-588.17
874,2344.84,-672.16
875,1134.73,-794.12
876,863.59,-705.13
877,42208.44,673.48
878,41571.35,-524.32
879,546.58,-736.42
880,217.08,-755.3
881,344.32,-779.99
882,295.85,-608.4
883,521.93,-792.91
884,196.89,-723.71
885,2547.31,-615.21
886,1526.23,-621.71
887,246.77,-668.42
888,291.79,-673.35
889,45082.38,1678.32
890,414.3,-683.97
891,3712.76,-563.16
892,180.07,-727.28
893,721.87,-670.42
894,45110.76,1799.36
895,423.31,-773.89
896,1062.69,-650.03
897,1565.77,-805.11
898,1551.57,-786.8
899,572.07,-780.63
900,45105.18,2150.14
901,1033.49,-631.95
902,263.12,-688.48
903,734.77,-751.39
904,234.86,-639.12
905,45130.42,1259.8
906,173.22,-712.1
907,1590.23,-713.94
908,45064.19,2198.49
909,192.33,-697.79
910,811.92,-808.42
911,1705.68,-798.14
912,315.85,-753.79
913,384.45,-596.96
914,186.63,-752.38
915,1778.98,-767.47
916,1267.35,-761.07
917,672.37,-656.55
918,1006.98,-693.7
919,3292.45,-695.18
920,1111.28,-794.9
921,436.31,-714.47
922,45090.41,1692.31
923,44803.13,500.59
924,45155.57,1606.68
925,1385.63,-752.33
926,3397.56,-577.39
927,4548.4,-613.86
928,1860.23,-737.11
929,168.4,-752.57
930,1534.03,-795.81
931,3345.33,-586.39
932,3803.55,-744.39
933,43570.77,165.55
934,584.06,-783.5
935,340.86,-748.75
936,4725.11,-620.56
937,45080.45,1660.23
938,45122.65,1359.64
939,843.29,-717.09
940,1968.86,-794.02
941,1267.08,-775.63
942,1967.74,-806.65
943,861.6,-669.94
944,882.79,-578.67
945,1362.1,-577.99
946,45069.92,1113.69
947,40081.71,499.21
948,4147.13,-909.94
949,162.77,-749.06
950,45141.47,1921.99
951,954.4,-661.73
952,165.82,-723.07
953,2245.98,-762.71
954,45174.51,1903.11
955,560.65,-687.13
956,233.6,-697.46
957,45048.22,1109.35
958,783.42,-688.06
959,3775.17,-670.07
960,296.02,-639.59
961,45123.08,2177.98
962,993.8,-722.35
963,205.69,-700.08
964,45145.78,1573.06
965,43037.0,189.21
966,45040.59,1504.05
967,259.7,-636.37
968,45105.4,2109.37
969,719.1,-566.88
970,619.09,-691.13
971,710.82,-701.98
972,45154.18,1875.44
973,3877.25,-792.66
974,45125.25,1736.21
975,865.34,-467.94
976,4908.05,-694.57
977,593.18,-741.9
978,2064.64,-488.62
979,851.32,-715.21
980,605.28,-717.33
981,45171.32,2052.48
982,45086.78,1053.94
983,787.97,-639.56
984,45161.83,1984.21
985,45070.02,1742.74
986,838.91,-717.55
987,3060.25,-671.78
988,40837.49,1.36
989,40696.91,-319.13
990,45114.16,1652.49
991,45157.18,1805.85
992,45376.17,1959.54
993,45073.53,1646.6
994,37071.99,-116.12
995,45039.12,1315.96
996,45072.21,1769.75
997,45190.68,1918.57
998,45042.09,1202.55
999,2131.52,-835.16
1000,45005.8,2034.3
1001,45141.24,1826.74
1002,700.97,-705.9
1003,45102.35,1627.6
1004,44555.09,-254.85
1005,45107.17,1545.25
1006,836.55,-612.04
1007,1097.32,-664.81
1008,45132.98,292.27
1009,45129.73,1444.0
1010,742.26,-563.47
1011,45153.8,2070.22
1012,45136.93,1576.82
1013,803.25,-719.15
1014,44009.52,325.23
1015,45059.23,1033.97
1016,45024.38,1487.18
1017,45162.37,2013.83
1018,45133.51,1278.84
1019,45182.49,1595.76
1020,38444.53,280.74
1021,43964.77,139.55
1022,372.56,-601.86
1023,703.89,-649.1
1024,45060.67,1875.56
1025,45057.36,1463.99
1026,36923.5,-70.22
1027,45062.4,673.55
1028,45103.58,1483.31
1029,2943.21,-717.36
1030,45103.27,1830.42
1031,40926.73,376.54
1032,45126.68,1508.06
1033,45146.82,1612.54
1034,45130.82,1915.47
1035,45093.85,1508.1
1036,45051.88,2450.29
1037,45025.59,677.22
1038,45062.79,1599.54
1039,45075.49,1505.53
1040,45152.17,1482.82
1041,45148.83,1421.04
1042,44527.65,-104.47
1043,42250.73,-86.91
1044,42238.71,-242.84
1045,45168.38,1576.47
1046,40140.65,-99.62
1047,45141.27,1943.47
1048,44589.98,144.29
1049,41978.52,122.63
1050,519.11,-746.44
1051,43453.77,-239.9
1052,45119.69,1679.34
1053,45165.84,2027.43
1054,45123.19,1393.82
1055,45039.94,1347.07
1056,45074.42,1546.23
1057,44425.49,329.06
1058,45041.28,1690.34
1059,45031.73,1818.46
1060,45076.21,1481.56
1061,45175.33,1465.07
1062,43992.94,126.32
1063,45209.6,1571.95
1064,45023.12,1894.07
1065,43491.25,327.55
1066,44203.68,235.46
1067,45100.61,1262.39
1068,43763.2,167.78
1069,45078.04,1896.75
1070,45114.9,1436.57
1071,45033.61,1662.08
1072,40554.0,-94.17
1073,39949.2,204.33
1074,40874.02,238.41
1075,44281.29,-183.93
1076,42608.53,160.46
1077,39848.76,173.45
1078,45052.61,1051.76
1079,619.49,-783.53
1080,43593.82,-207.51
1081,45120.96,1300.74
1082,45029.91,1174.03
1083,44284.75,329.16
1084,45071.42,1733.35
1085,45054.98,1573.04
1086,45079.69,1629.77
1087,45074.57,1996.75
1088,45108.36,1806.53
1089,41199.08,189.09
1090,45107.77,1805.74
1091,38374.6,-120.82
1092,45179.54,1486.07
1093,45100.54,1175.94
1094,45135.1,1470.77
1095,45166.7,1365.03
1096,43423.48,78.79
1097,45059.64,1899.37
1098,45182.97,2068.07
1099,43386.89,353.86
1100,39692.83,207.01
1101,45231.44,1449.87
1102,45136.44,1566.91
1103,45088.93,1581.8
1104,45091.8,1789.41
1105,45041.94,1522.61
1106,45128.96,1049.44
1107,45064.02,970.18
1108,45113.47,1534.25
1109,45155.3,1851.28
1110,43553.76,236.31
1111,1007.86,-555.27
1112,321.28,-710.29
1113,45111.75,1359.21
1114,45127.34,1786.89
1115,45058.09,1671.99
1116,45080.54,1575.53
1117,45022.43,1562.38
1118,45121.78,1034.55
1119,45051.4,1878.49
1120,45164.11,1967.58
1121,37862.66,252.16
1122,45120.48,1398.51
1123,45030.67,1228.39
1124,45103.39,1931.31
1125,159.26,-735.96
1126,45134.32,1091.13
1127,45151.77,2007.74
1128,45096.25,1652.21
1129,45045.26,2089.81
1130,45181.25,1173.8
1131,45056.07,1523.13
1132,45139.35,1480.15
1133,45057.89,2063.52
1134,45027.33,1289.62
1135,45172.23,2005.44
1136,45072.17,1520.9
1137,43623.01,-203.44
1138,45063.29,1211.89
1139,45091.82,1818.82
1140,40678.4,-107.47
1141,45062.18,1786.09
1142,45143.97,1116.36
1143,45104.1,1923.05
1144,45137.63,1824.94
1145,44777.23,380.24
1146,45114.57,1700.54
1147,45020.75,1532.65
1148,43220.25,-212.25
1149,45101.29,1518.62
1150,45090.21,1387.2
1151,44397.53,311.07
1152,45242.15,1731.8
1153,45085.9,1850.71
1154,45192.21,961.0
1155,45137.33,1160.74
1156,45100.28,1223.97
1157,45031.93,1676.55
1158,45081.22,1534.98
1159,45148.45,1091.45
1160,45138.1,1344.75
1161,45134.03,1580.92
1162,45021.61,1475.05
1163,45140.93,1586.72
1164,45183.42,2080.59
1165,45115.83,1565.38
1166,45181.62,1870.78
1167,45026.45,1634.95
1168,45208.8,1631.07
1169,42938.24,290.14
1170,45169.07,2015.38
1171,42578.29,-59.04
1172,45101.33,1677.43
1173,45036.37,1381.39
1174,45038.84,1801.9
1175,44805.53,-11.93
1176,44739.47,130.36
1177,45184.03,999.6
1178,45189.88,1613.71
1179,45179.18,1772.41
1180,40871.62,98.76
1181,41820.94,-85.15
1182,45050.68,2023.59
1183,45081.33,1592.63
1184,45108.51,1590.07
1185,45179.8,2176.71
1186,45172.78,1029.88
1187,45183.61,1592.45
1188,42666.88,181.64
1189,45084.78,1770.21
1190,45072.85,1930.05
1191,45076.86,1418.61
1192,45027.85,2058.1
1193,45118.81,1229.05
1194,45115.45,1708.65
1195,45062.18,1319.74
1196,45031.22,1378.66
1197,45114.59,1199.18
1198,45076.6,1800.68
1199,44726.9,-96.83
1200,42769.24,370.62
1201,45150.79,1956.25
1202,45140.57,1587.35
1203,41460.57,112.42
1204,45134.78,666.34
1205,45182.71,1784.64
1206,45088.63,1471.45
1207,42880.52,349.59
1208,45141.57,1904.43
1209,45142.75,2058.58
1210,39153.19,507.38
1211,45089.03,1648.18
1212,44142.8,469.18
1213,45185.61,1371.43
1214,45069.23,1446.04
1215,45030.56,1220.55
1216,45163.29,1291.34
1217,45070.24,1661.38
1218,45104.61,1751.48
1219,45096.54,1234.41
1220,45050.09,1879.21
1221,45091.41,1897.62
1222,45177.51,2186.86
1223,45194.26,1674.19
1224,45145.68,1302.38
1225,45129.09,1379.23
1226,45182.84,1827.45
1227,45129.19,1384.74
1228,38534.67,219.85
1229,44103.84,9.76
1230,40701.98,-247.37
1231,45096.53,1427.84
1232,45101.06,1591.84
1233,45060.6,995.99
1234,45036.02,1805.73
1235,45082.82,1660.19
1236,45098.82,1745.72
1237,45101.52,1694.31
1238,44616.09,-7.95
1239,45121.02,1974.5
1240,45040.12,1442.08
1241,44472.49,9.6
1242,45134.81,1533.6
1243,45080.86,1363.69
1244,44550.5,423.86
1245,45090.58,1307.32
1246,45033.28,1646.49
1247,45071.0,1651.92
1248,45031.28,1365.7
1249,45076.82,1727.87
1250,45064.74,1306.48
1251,45024.55,1258.73
1252,45163.29,1633.46
1253,44090.58,240.64
1254,45099.95,1357.44
1255,45118.1,925.34
1256,45182.84,1307.67
1257,870.42,-681.46
1258,42060.48,-178.82
1259,45126.49,1439.97
1260,45126.54,2077.19
1261,45088.26,1591.48
1262,45106.65,2216.94
1263,45104.27,1569.48
1264,45044.11,1396.69
1265,42986.45,-85.47
1266,45138.48,1507.4
1267,42218.91,277.51
1268,45069.58,1348.4
1269,45176.77,2039.83
1270,45132.47,2059.43
1271,45103.16,1488.06
1272,507.06,-652.54
1273,45044.66,1884.02
1274,44238.61,331.08
1275,45028.2,2283.77
1276,45033.95,1545.02
1277,45117.37,1846.49
1278,45075.93,1093.59
1279,45125.21,1740.19
1280,45038.53,2090.2
1281,1438.99,-721.39
1282,45055.48,1571.16
1283,45080.6,1605.38
1284,45172.27,1721.16
1285,42702.63,433.45
1286,45082.8,2126.21
1287,45070.44,2110.82
1288,45120.56,1596.34
1289,45061.02,2029.54
1290,45028.88,1786.38
1291,45125.1,1367.28
1292,42689.31,146.82
1293,45108.57,1456.93
1294,45078.35,1364.94
1295,41660.06,5.45
1296,38324.4,200.64
1297,45021.53,1717.01
1298,45140.48,2056.96
1299,45151.23,2112.43
1300,45071.42,1742.35
1301,40802.15,25.86
1302,44044.18,512.35
1303,43855.66,0.04
1304,43951.2,449.63
1305,45057.14,2120.65
1306,45029.68,2114.38
1307,43401.44,180.18
1308,45160.46,1061.67
1309,45022.11,2015.15
1310,45192.67,2067.88
1311,40819.39,-98.93
1312,42240.08,122.68
1313,43688.12,236.73
1314,45244.98,2057.6
1315,45040.44,1750.22
1316,44624.07,320.78
1317,45163.14,1460.3
1318,43132.69,546.68
1319,44616.22,203.68
1320,45073.56,1204.06
1321,45159.79,1971.12
1322,45067.44,961.34
1323,45023.77,1214.37
1324,45030.86,1156.76
1325,45109.1,1990.64
1326,45114.13,1551.8
1327,45047.6,1459.33
1328,45101.71,1093.39
1329,45059.25,1743.46
1330,45093.91,1969.16
1331,45057.86,1582.24
1332,45161.34,1250.62
1333,45058.5,2044.89
1334,45148.26,1997.82
1335,45149.97,1895.17
1336,45154.77,1608.19
1337,42495.99,-161.85
1338,44970.46,126.24
1339,42463.8,916.74
1340,45068.65,1346.38
1341,41046.08,17.92
1342,45042.27,1745.46
1343,45025.19,1105.08
1344,43582.62,-67.22
1345,45028.16,1510.82
1346,45162.97,1128.12
1347,45025.51,1784.91
1348,45090.84,1744.45
1349,45131.23,2206.29
1350,45216.52,1713.81
1351,45120.7,1326.41
1352,45055.63,1848.16
1353,45037.3,2016.17
1354,44370.17,529.11
1355,45119.14,1318.98
1356,45067.09,1487.02
1357,45177.77,1201.75
1358,45092.44,1556.95
1359,45136.49,1068.78
1360,45165.74,1035.05
1361,41132.29,459.25
1362,45126.61,1926.62
1363,45028.94,2085.08
1364,45185.8,1848.68
1365,45080.6,2380.14
1366,45168.81,976.26
1367,45092.2,1235.74
1368,45099.96,1264.89
1369,45125.05,1572.37
1370,45158.88,1922.38
1371,43923.51,143.9
1372,45085.82,2242.13
1373,44550.2,-40.43
1374,41185.07,420.79
1375,45171.63,1573.92
1376,41561.33,609.18
1377,45133.18,1823.83
1378,45159.14,1378.15
1379,45174.87,1825.36
1380,45169.9,1977.24
1381,45157.44,1287.51
1382,42064.17,54.92
1383,45140.7,1522.46
1384,45093.2,1923.63
1385,45185.55,1844.9
1386,43992.32,-224.35
1387,45124.22,1611.48
1388,45020.94,1693.73
1389,45113.25,1644.02
1390,45175.85,1784.87
1391,44642.58,445.77
1392,45152.74,1444.46
1393,44164.81,253.17
1394,45066.61,1657.41
1395,45005.43,1303.86
1396,45244.31,1893.51
1397,45080.76,1081.49
1398,45031.24,1985.29
1399,45057.0,1163.7
1400,45095.6,1474.44
1401,40365.24,561.02
1402,45002.94,1666.31
1403,45159.11,1890.07
1404,45128.79,1365.25
1405,40143.64,103.84
1406,45102.45,1348.78
1407,45146.98,1348.62
1408,45133.51,2114.93
1409,45061.81,1443.88
1410,45136.43,1492.46
1411,42236.69,681.35
1412,45052.48,1593.35
1413,45065.96,1419.7
1414,45046.81,2012.18
1415,45193.22,1574.6
1416,41532.37,527.11
1417,45190.15,2107.53
1418,44203.3,199.41
1419,45163.13,1477.15
1420,45272.54,1521.42
1421,45051.06,1434.47
1422,42236.69,32.26
1423,41556.51,20.73
1424,41000.0,296.13
1425,45096.34,1867.3
1426,45095.14,1558.47
1427,45192.47,1423.84
1428,45044.38,1469.47
1429,45049.49,1851.23
1430,45209.81,1401.89
1431,45139.49,1413.09
1432,45134.6,1987.1
1433,45184.62,1102.85
1434,44026.03,117.46
1435,45104.52,1978.75
1436,45071.79,1391.13
1437,45173.18,2306.36
1438,45043.66,2305.96
1439,45076.15,1758.13
1440,45166.3,1632.83
1441,40452.01,506.7
1442,45161.63,1848.14
1443,45019.55,1768.73
1444,45118.85,1222.99
1445,45157.59,2105.78
1446,45047.37,2034.58
1447,45122.74,1851.7
1448,45084.06,1857.35
1449,45133.72,1465.9
1450,45177.22,1824.86
1451,45034.91,1459.05
1452,45086.29,2164.64
1453,45205.78,2032.39
1454,44619.58,538.51
1455,45167.76,1162.93
1456,45143.2,1876.35
1457,45131.67,1380.26
1458,45073.27,1712.13
1459,45181.95,1419.76
1460,45025.22,1845.07
1461,45183.17,1657.16
1462,40251.53,71.62
1463,43617.38,72.43
1464,45064.77,2316.64
1465,45147.43,1598.6
1466,45170.57,1688.15
1467,45152.89,1747.73
1468,45093.19,1843.91
1469,45108.73,2169.43
1470,45137.49,1606.94
1471,43638.74,370.96
1472,45075.04,1947.79
1473,45115.76,1673.76
1474,43925.21,295.41
1475,45160.09,1298.73
1476,45083.43,1922.48
1477,42299.22,492.14
1478,45042.3,1657.89
1479,45153.86,1923.01
1480,44003.74,508.81
1481,45109.49,1852.32
1482,45149.02,1872.02
1483,45059.2,1487.37
1484,45043.42,1888.31
1485,45038.0,1811.77
1486,44459.42,686.54
1487,45247.03,2491.54
1488,45062.85,1785.96
1489,40606.14,397.39
1490,45099.53,2088.77
1491,45132.83,2198.0
1492,45316.68,1702.45
1493,45168.7,2204.31
1494,44669.42,150.55
1495,45049.0,1767.87
1496,45136.06,1469.81
1497,43687.51,273.32
1498,45162.55,1655.67
1499,45094.98,1792.38
1500,45159.11,1834.04
1501,45035.69,1918.81
1502,43514.06,22.38
1503,45202.7,1570.39
1504,44347.5,183.34
1505,43328.53,180.14
1506,42632.09,187.94
1507,45154.32,2327.52
1508,45051.85,2086.72
1509,45104.65,2324.86
1510,45182.12,1918.89
1511,45073.66,2275.79
1512,43598.43,531.63
1513,45140.23,2008.22
1514,45041.64,2034.41
1515,45041.66,2573.17
1516,45140.56,2011.38
1517,45121.63,2064.02
1518,45030.6,2095.55
1519,44445.99,232.73
1520,45231.69,1454.65
1521,45062.88,2020.06
1522,45113.08,1342.63
1523,45053.06,1915.04
1524,45195.54,2472.9
1525,45044.1,1628.18
1526,45046.63,1809.28
1527,44484.19,-61.45
1528,45116.09,1526.08
1529,45129.26,2088.68
1530,43539.23,564.91
1531,45118.92,2061.0
1532,45100.54,1983.65
1533,44513.7,488.26
1534,43711.61,321.62
1535,45150.05,2147.25
1536,45234.09,2133.48
1537,44342.0,233.88
1538,45176.56,2316.18
1539,45021.1,2019.69
1540,45127.78,1529.01
1541,45123.8,1807.15
1542,45089.7,2136.37
1543,45087.75,2087.81
1544,45170.29,1941.01
1545,45083.39,2153.43
1546,45146.17,1942.38
1547,45067.04,2409.5
1548,45197.32,2165.23
1549,45186.62,2142.74
1550,45086.7,2128.26
1551,45150.33,1639.07
1552,45038.67,1369.64
1553,45055.49,2026.97
1554,45086.62,1649.33
1555,45173.81,1734.88
1556,45190.81,1881.24
1557,45026.99,2018.09
1558,45079.41,1835.19
1559,45025.7,2239.47
1560,45182.56,1363.8
1561,45050.12,2199.17
1562,45130.27,1687.86
1563,45043.48,1667.87
1564,45114.17,2121.36
1565,45165.27,1607.66
1566,45077.63,1604.52
1567,45184.16,1608.96
1568,45134.77,2088.53
1569,45099.18,2136.31
1570,45050.21,1980.5
1571,45189.38,1988.71
1572,45151.84,2271.31
1573,45163.44,2291.32
1574,45153.54,1539.52
1575,45177.76,2523.97
1576,45073.92,2124.72
1577,45066.53,1589.54
1578,45093.1,1784.07
1579,45184.99,1987.69
1580,45134.92,1622.85
1581,45035.74,1439.7
1582,45185.9,1840.74
1583,45114.76,1970.16
1584,45133.43,1673.34
1585,45028.25,1831.22
1586,45189.86,1817.26
1587,45162.65,2065.07
1588,45069.97,1541.27
1589,45025.79,2210.35
1590,45062.51,1869.07
1591,45145.88,2351.38
1592,45118.64,1444.48
1593,45092.31,1979.87
1594,45047.07,2355.62
1595,45187.11,2214.51
1596,45052.69,1891.56
1597,45130.5,2455.09
1598,45177.06,2096.09
1599,45190.58,1366.21
1600,45160.15,2205.22
1601,45205.07,2487.22
1602,45074.19,2067.27
1603,45155.42,2101.55
1604,45146.3,2073.4
1605,45094.0,1823.97
1606,42291.73,734.96
1607,45118.32,1821.73
1608,45061.56,2448.17
1609,45291.84,2168.41
1610,45183.57,1632.71
1611,45067.06,1703.75
1612,45022.27,1690.12
